customer_id,customer_name,city
1,Arta,Vushtrri
2,Blend,Prishtina
3,Dren,Mitrovica
4,Elira,Prishtina
5,Nora,Vushtrri
6,Leart,Peja
7,Faton,Prizren
8,Rina,Vushtrri
9,Arben,Ferizaj
10,Gresa,Prishtina
11,Albion,Unknown
12,Diellza,Gjilan
